date,Vrms,Irms,Power
Sat Jan 16 2016 00:00:00 GMT-0800 (PST),123.606664005,6.91691958114,854.977354617
Sat Jan 16 2016 00:02:00 GMT-0800 (PST),119.410404236,6.9405096699,828.769065287
Sat Jan 16 2016 00:04:00 GMT-0800 (PST),118.679852924,7.83752184986,930.15594043
Sat Jan 16 2016 00:06:00 GMT-0800 (PST),121.70594946,7.35633143932,895.309302368
Sat Jan 16 2016 00:08:00 GMT-0800 (PST),121.609748966,7.73296242522,940.403619293
Sat Jan 16 2016 00:10:00 GMT-0800 (PST),116.368431984,7.27640960901,846.744376674
Sat Jan 16 2016 00:12:00 GMT-0800 (PST),119.430907754,6.90950425281,825.208365046
Sat Jan 16 2016 00:14:00 GMT-0800 (PST),122.575845545,7.74823714479,949.746719505
Sat Jan 16 2016 00:16:00 GMT-0800 (PST),118.720063841,7.50663537362,891.18823079
Sat Jan 16 2016 00:18:00 GMT-0800 (PST),120.935057362,7.56788159134,915.222194354
Sat Jan 16 2016 00:20:00 GMT-0800 (PST),121.661479477,7.82681411535,952.221784866
Sat Jan 16 2016 00:22:00 GMT-0800 (PST),120.74822251,7.47143564723,902.162573999
Sat Jan 16 2016 00:24:00 GMT-0800 (PST),121.721017862,7.08078712009,861.880615519
Sat Jan 16 2016 00:26:00 GMT-0800 (PST),119.51108007,7.28593177907,870.749576236
Sat Jan 16 2016 00:28:00 GMT-0800 (PST),117.887451078,7.27168290815,857.240163091
Sat Jan 16 2016 00:30:00 GMT-0800 (PST),119.162884214,7.74270398831,922.642938865
Sat Jan 16 2016 00:32:00 GMT-0800 (PST),122.14668074,7.48955603713,914.824410153
Sat Jan 16 2016 00:34:00 GMT-0800 (PST),120.448259435,7.2258786625,870.344507786
Sat Jan 16 2016 00:36:00 GMT-0800 (PST),121.577785985,7.52765858235,915.196064091
Sat Jan 16 2016 00:38:00 GMT-0800 (PST),119.303216903,7.78715328839,929.032437824
Sat Jan 16 2016 00:40:00 GMT-0800 (PST),120.452091358,7.15504545936,861.84018934
Sat Jan 16 2016 00:42:00 GMT-0800 (PST),119.327398358,7.21772610293,861.272477925
Sat Jan 16 2016 00:44:00 GMT-0800 (PST),115.758125989,7.50090415483,868.290608189
Sat Jan 16 2016 00:46:00 GMT-0800 (PST),122.049554406,7.1658510203,874.588923969
Sat Jan 16 2016 00:48:00 GMT-0800 (PST),119.028889016,7.22719456142,860.244939349
Sat Jan 16 2016 00:50:00 GMT-0800 (PST),119.290799499,7.45392799422,889.185029837
Sat Jan 16 2016 00:52:00 GMT-0800 (PST),118.604589987,7.6353846774,905.59166906
Sat Jan 16 2016 00:54:00 GMT-0800 (PST),115.144944332,7.23301806789,832.845462778
Sat Jan 16 2016 00:56:00 GMT-0800 (PST),121.205336038,6.52712629073,791.122535431
Sat Jan 16 2016 00:58:00 GMT-0800 (PST),122.44169668,6.60235582408,808.403649184
Sat Jan 16 2016 01:00:00 GMT-0800 (PST),120.918704364,7.41312428896,896.385384308
Sat Jan 16 2016 01:02:00 GMT-0800 (PST),123.998772637,6.60204420662,818.645378516
Sat Jan 16 2016 01:04:00 GMT-0800 (PST),120.490982497,6.7439596858,812.58632846
Sat Jan 16 2016 01:06:00 GMT-0800 (PST),116.518651008,6.9435125495,809.048715524
Sat Jan 16 2016 01:08:00 GMT-0800 (PST),118.351394451,7.01137805017,829.806369261
Sat Jan 16 2016 01:10:00 GMT-0800 (PST),120.236610113,7.0929283275,852.829657871
Sat Jan 16 2016 01:12:00 GMT-0800 (PST),125.8968259,6.29863771303,792.978495565
Sat Jan 16 2016 01:14:00 GMT-0800 (PST),122.942667687,6.75836890586,830.891902497
Sat Jan 16 2016 01:16:00 GMT-0800 (PST),120.72289872,7.26874774377,877.504297692
Sat Jan 16 2016 01:18:00 GMT-0800 (PST),118.341337103,7.44990060489,881.631198867
Sat Jan 16 2016 01:20:00 GMT-0800 (PST),119.703765229,7.36986518737,882.200612162
Sat Jan 16 2016 01:22:00 GMT-0800 (PST),121.054240764,6.78861094987,821.790144376
Sat Jan 16 2016 01:24:00 GMT-0800 (PST),123.465833879,6.67479716723,824.109398226
Sat Jan 16 2016 01:26:00 GMT-0800 (PST),117.172743815,7.04401108088,825.366105811
Sat Jan 16 2016 01:28:00 GMT-0800 (PST),121.229243199,7.22601760352,876.004645419
Sat Jan 16 2016 01:30:00 GMT-0800 (PST),121.458618364,7.36362868274,894.37616595
Sat Jan 16 2016 01:32:00 GMT-0800 (PST),118.014559645,6.71190978986,792.103078228
Sat Jan 16 2016 01:34:00 GMT-0800 (PST),120.767486538,7.55897697197,912.878649707
Sat Jan 16 2016 01:36:00 GMT-0800 (PST),118.13207767,7.56019719359,893.101802073
Sat Jan 16 2016 01:38:00 GMT-0800 (PST),119.488598824,7.5056470471,896.839248927
Sat Jan 16 2016 01:40:00 GMT-0800 (PST),120.666129029,7.75027490653,935.195671881
Sat Jan 16 2016 01:42:00 GMT-0800 (PST),120.61230842,6.81285823432,821.71455858
Sat Jan 16 2016 01:44:00 GMT-0800 (PST),120.426955277,7.08763379386,853.542157912
Sat Jan 16 2016 01:46:00 GMT-0800 (PST),119.530677735,7.19782553994,860.36096501
Sat Jan 16 2016 01:48:00 GMT-0800 (PST),122.145789128,7.43640334315,908.32535462
Sat Jan 16 2016 01:50:00 GMT-0800 (PST),118.147473423,8.37717046945,989.741525404
Sat Jan 16 2016 01:52:00 GMT-0800 (PST),123.530808606,7.741392322,956.300453272
Sat Jan 16 2016 01:54:00 GMT-0800 (PST),121.615948065,7.48088974529,909.795498741
Sat Jan 16 2016 01:56:00 GMT-0800 (PST),119.262758105,8.51477057298,1015.49502316
Sat Jan 16 2016 01:58:00 GMT-0800 (PST),119.352341598,8.05839438342,961.78823918
Sat Jan 16 2016 02:00:00 GMT-0800 (PST),119.178657582,8.25044452901,983.276903424
Sat Jan 16 2016 02:02:00 GMT-0800 (PST),121.770399153,8.32247620301,1013.43124918
Sat Jan 16 2016 02:04:00 GMT-0800 (PST),115.164642537,8.90526840958,1025.57205309
Sat Jan 16 2016 02:06:00 GMT-0800 (PST),118.440743367,8.98767206142,1064.50656009
Sat Jan 16 2016 02:08:00 GMT-0800 (PST),118.846966662,8.65225683579,1028.29447972
Sat Jan 16 2016 02:10:00 GMT-0800 (PST),117.927542137,8.68271553374,1023.93130197
Sat Jan 16 2016 02:12:00 GMT-0800 (PST),123.237461873,8.92987451018,1100.49506948
Sat Jan 16 2016 02:14:00 GMT-0800 (PST),120.371031169,8.81427736788,1060.98365579
Sat Jan 16 2016 02:16:00 GMT-0800 (PST),121.453761135,8.62687507716,1047.76642496
Sat Jan 16 2016 02:18:00 GMT-0800 (PST),120.426380139,9.493762299,1143.29942756
Sat Jan 16 2016 02:20:00 GMT-0800 (PST),116.374144754,9.61889958887,1119.39121313
Sat Jan 16 2016 02:22:00 GMT-0800 (PST),120.851406245,9.09215802928,1098.80008364
Sat Jan 16 2016 02:24:00 GMT-0800 (PST),120.084356979,9.30746337808,1117.68075487
Sat Jan 16 2016 02:26:00 GMT-0800 (PST),120.790844772,9.30310416669,1123.7298113
Sat Jan 16 2016 02:28:00 GMT-0800 (PST),119.483761461,9.42992278932,1126.72264515
Sat Jan 16 2016 02:30:00 GMT-0800 (PST),118.217246589,9.5317837157,1126.82122595
Sat Jan 16 2016 02:32:00 GMT-0800 (PST),118.092050021,9.81312220294,1158.85171805
Sat Jan 16 2016 02:34:00 GMT-0800 (PST),118.257055265,9.50938887221,1124.55232539
Sat Jan 16 2016 02:36:00 GMT-0800 (PST),119.161065135,10.1451911858,1208.91178769
Sat Jan 16 2016 02:38:00 GMT-0800 (PST),119.276457131,10.2760542455,1225.69134368
Sat Jan 16 2016 02:40:00 GMT-0800 (PST),117.762340687,10.2906269505,1211.84831683
Sat Jan 16 2016 02:42:00 GMT-0800 (PST),119.507488292,10.1900646074,1217.78902677
Sat Jan 16 2016 02:44:00 GMT-0800 (PST),122.904645431,9.49959385293,1167.54421423
Sat Jan 16 2016 02:46:00 GMT-0800 (PST),125.34565327,9.86101095043,1236.03485949
Sat Jan 16 2016 02:48:00 GMT-0800 (PST),119.510046569,9.95765816328,1190.04019082
Sat Jan 16 2016 02:50:00 GMT-0800 (PST),123.022499534,9.533344082,1172.81581789
Sat Jan 16 2016 02:52:00 GMT-0800 (PST),123.35428628,9.73905169953,1201.35377144
Sat Jan 16 2016 02:54:00 GMT-0800 (PST),116.253430248,10.1223402608,1176.75677746
Sat Jan 16 2016 02:56:00 GMT-0800 (PST),122.803506384,9.25190024169,1136.16579039
Sat Jan 16 2016 02:58:00 GMT-0800 (PST),118.199438048,10.4066150684,1230.05605306
Sat Jan 16 2016 03:00:00 GMT-0800 (PST),115.485649423,10.5055349583,1213.2385272
Sat Jan 16 2016 03:02:00 GMT-0800 (PST),118.397666862,10.403348954,1231.7322437
Sat Jan 16 2016 03:04:00 GMT-0800 (PST),118.910335587,10.2833061232,1222.79138205
Sat Jan 16 2016 03:06:00 GMT-0800 (PST),119.486077857,9.97454627784,1191.81941314
Sat Jan 16 2016 03:08:00 GMT-0800 (PST),116.450571325,10.4456913561,1216.4067263
Sat Jan 16 2016 03:10:00 GMT-0800 (PST),119.47858251,10.1729867354,1215.45403504
Sat Jan 16 2016 03:12:00 GMT-0800 (PST),120.803332951,9.69601439823,1171.31085565
Sat Jan 16 2016 03:14:00 GMT-0800 (PST),119.36554596,9.88195574809,1179.56504302
Sat Jan 16 2016 03:16:00 GMT-0800 (PST),125.896103656,9.70077173504,1221.28936389
Sat Jan 16 2016 03:18:00 GMT-0800 (PST),119.705308954,10.0405452869,1201.90657563
Sat Jan 16 2016 03:20:00 GMT-0800 (PST),120.897687712,10.0928646058,1220.20399323
Sat Jan 16 2016 03:22:00 GMT-0800 (PST),121.563514169,10.0878915008,1226.31954139
Sat Jan 16 2016 03:24:00 GMT-0800 (PST),121.642942799,9.19116738677,1118.04064868
Sat Jan 16 2016 03:26:00 GMT-0800 (PST),121.057946653,9.31305756715,1127.41962614
Sat Jan 16 2016 03:28:00 GMT-0800 (PST),118.30555974,10.0328765742,1186.94507891
Sat Jan 16 2016 03:30:00 GMT-0800 (PST),118.596810096,9.44910366619,1120.63355308
Sat Jan 16 2016 03:32:00 GMT-0800 (PST),118.492567114,9.40515386343,1114.44082538
Sat Jan 16 2016 03:34:00 GMT-0800 (PST),122.840137511,9.02459606621,1108.58262176
Sat Jan 16 2016 03:36:00 GMT-0800 (PST),119.776478061,9.52505759538,1140.87785211
Sat Jan 16 2016 03:38:00 GMT-0800 (PST),117.839776389,9.70672189895,1143.83793804
Sat Jan 16 2016 03:40:00 GMT-0800 (PST),119.738313378,9.84351599633,1178.64600311
Sat Jan 16 2016 03:42:00 GMT-0800 (PST),119.755552071,9.13796752175,1094.32234538
Sat Jan 16 2016 03:44:00 GMT-0800 (PST),120.487039462,8.86799892943,1068.47893696
Sat Jan 16 2016 03:46:00 GMT-0800 (PST),116.607606458,9.2547803554,1079.17778554
Sat Jan 16 2016 03:48:00 GMT-0800 (PST),120.251679816,8.98798839004,1080.82070207
Sat Jan 16 2016 03:50:00 GMT-0800 (PST),119.297600096,8.8603330999,1057.01647487
Sat Jan 16 2016 03:52:00 GMT-0800 (PST),119.68124528,8.64722295046,1034.91041092
Sat Jan 16 2016 03:54:00 GMT-0800 (PST),118.907969917,9.19443781496,1093.2919351
Sat Jan 16 2016 03:56:00 GMT-0800 (PST),121.354885606,9.12808081551,1107.73720317
Sat Jan 16 2016 03:58:00 GMT-0800 (PST),120.01163389,8.49004805977,1018.90453946
Sat Jan 16 2016 04:00:00 GMT-0800 (PST),118.531689841,9.04384583035,1071.98232893
Sat Jan 16 2016 04:02:00 GMT-0800 (PST),119.804137162,8.84288006667,1059.41361642
Sat Jan 16 2016 04:04:00 GMT-0800 (PST),116.000528195,8.79682114945,1020.43589978
Sat Jan 16 2016 04:06:00 GMT-0800 (PST),123.495760785,8.4473237829,1043.20867717
Sat Jan 16 2016 04:08:00 GMT-0800 (PST),119.504999234,8.67718001694,1036.96639128
Sat Jan 16 2016 04:10:00 GMT-0800 (PST),123.796558277,8.39858462982,1039.71587157
Sat Jan 16 2016 04:12:00 GMT-0800 (PST),121.635632326,8.68927983546,1056.92604725
Sat Jan 16 2016 04:14:00 GMT-0800 (PST),120.774012927,8.21306253017,991.924520188
Sat Jan 16 2016 04:16:00 GMT-0800 (PST),118.259071832,9.02052645182,1066.75908563
Sat Jan 16 2016 04:18:00 GMT-0800 (PST),122.128990336,8.57635537146,1047.42162228
Sat Jan 16 2016 04:20:00 GMT-0800 (PST),121.904466797,7.95548059126,969.808619593
Sat Jan 16 2016 04:22:00 GMT-0800 (PST),120.908026215,8.2733396975,1000.31317303
Sat Jan 16 2016 04:24:00 GMT-0800 (PST),120.807702653,8.45843391263,1021.84396903
Sat Jan 16 2016 04:26:00 GMT-0800 (PST),120.740520245,8.03344663091,969.962525573
Sat Jan 16 2016 04:28:00 GMT-0800 (PST),118.363886144,8.15435172158,965.180758753
Sat Jan 16 2016 04:30:00 GMT-0800 (PST),121.533512513,7.75917212093,942.99944205
Sat Jan 16 2016 04:32:00 GMT-0800 (PST),121.028587569,8.09995680052,980.32633094
Sat Jan 16 2016 04:34:00 GMT-0800 (PST),121.793578309,7.84143102895,955.03594408
Sat Jan 16 2016 04:36:00 GMT-0800 (PST),117.721228308,8.71421321365,1025.84788325
Sat Jan 16 2016 04:38:00 GMT-0800 (PST),121.739314743,8.53324737349,1038.83168778
Sat Jan 16 2016 04:40:00 GMT-0800 (PST),122.604805422,7.5800898339,929.355439165
Sat Jan 16 2016 04:42:00 GMT-0800 (PST),124.618309086,8.06469138331,1005.00820349
Sat Jan 16 2016 04:44:00 GMT-0800 (PST),120.137820075,8.34077572288,1002.04261308
Sat Jan 16 2016 04:46:00 GMT-0800 (PST),122.352321498,7.3556441823,899.980141819
Sat Jan 16 2016 04:48:00 GMT-0800 (PST),116.071679586,8.4602349729,981.993683001
Sat Jan 16 2016 04:50:00 GMT-0800 (PST),118.284340288,7.4533636619,881.616203677
Sat Jan 16 2016 04:52:00 GMT-0800 (PST),119.918863071,7.78725252715,933.838469504
Sat Jan 16 2016 04:54:00 GMT-0800 (PST),119.562349996,7.85047179368,938.62085623
Sat Jan 16 2016 04:56:00 GMT-0800 (PST),118.085738654,7.92609803067,935.959140595
Sat Jan 16 2016 04:58:00 GMT-0800 (PST),124.683612249,7.19284165064,896.829479335
Sat Jan 16 2016 05:00:00 GMT-0800 (PST),116.247627712,8.07177450996,938.324638211
Sat Jan 16 2016 05:02:00 GMT-0800 (PST),119.965640507,8.00389843603,960.19280243
Sat Jan 16 2016 05:04:00 GMT-0800 (PST),120.923859664,7.65150285802,925.249257821
Sat Jan 16 2016 05:06:00 GMT-0800 (PST),119.998946986,8.0927661713,971.123418758
Sat Jan 16 2016 05:08:00 GMT-0800 (PST),114.657698861,7.63715849693,875.659019094
Sat Jan 16 2016 05:10:00 GMT-0800 (PST),122.146214844,7.26910408194,887.893548913
Sat Jan 16 2016 05:12:00 GMT-0800 (PST),119.103081225,7.58591797607,903.506204871
Sat Jan 16 2016 05:14:00 GMT-0800 (PST),117.907135897,8.28582021479,976.957330087
Sat Jan 16 2016 05:16:00 GMT-0800 (PST),123.964821179,7.81342059714,968.589287124
Sat Jan 16 2016 05:18:00 GMT-0800 (PST),120.0907296,8.37348726269,1005.57819468
Sat Jan 16 2016 05:20:00 GMT-0800 (PST),119.680350488,8.17768096817,978.707724446
Sat Jan 16 2016 05:22:00 GMT-0800 (PST),119.294276968,8.50079982129,1014.09676833
Sat Jan 16 2016 05:24:00 GMT-0800 (PST),119.825552752,8.23732355833,987.041848573
Sat Jan 16 2016 05:26:00 GMT-0800 (PST),119.740108281,7.55312845162,904.412418657
Sat Jan 16 2016 05:28:00 GMT-0800 (PST),118.733148725,7.94212808617,942.993875247
Sat Jan 16 2016 05:30:00 GMT-0800 (PST),120.735774961,8.22000460491,992.448626158
Sat Jan 16 2016 05:32:00 GMT-0800 (PST),119.450201988,7.94528418996,949.065801344
Sat Jan 16 2016 05:34:00 GMT-0800 (PST),117.346120826,8.04542849087,944.099823787
Sat Jan 16 2016 05:36:00 GMT-0800 (PST),118.295783532,8.66897381407,1025.50304975
Sat Jan 16 2016 05:38:00 GMT-0800 (PST),120.057283255,8.22125163245,987.021135948
Sat Jan 16 2016 05:40:00 GMT-0800 (PST),120.22358118,9.03990508893,1086.80976332
Sat Jan 16 2016 05:42:00 GMT-0800 (PST),118.630559868,9.15735703556,1086.34239204
Sat Jan 16 2016 05:44:00 GMT-0800 (PST),120.28454009,8.7460935607,1052.01984153
Sat Jan 16 2016 05:46:00 GMT-0800 (PST),120.695344484,8.1074152662,978.527278431
Sat Jan 16 2016 05:48:00 GMT-0800 (PST),121.389596251,8.02121340165,973.69185627
Sat Jan 16 2016 05:50:00 GMT-0800 (PST),123.187249347,8.94149954524,1101.47873402
Sat Jan 16 2016 05:52:00 GMT-0800 (PST),118.922221147,8.35329713851,993.392649613
Sat Jan 16 2016 05:54:00 GMT-0800 (PST),121.389852803,8.71587258707,1058.01849039
Sat Jan 16 2016 05:56:00 GMT-0800 (PST),117.319552445,9.40730627791,1103.66096224
Sat Jan 16 2016 05:58:00 GMT-0800 (PST),123.403877017,8.97614217728,1107.69074533
Sat Jan 16 2016 06:00:00 GMT-0800 (PST),119.600897714,9.15318594831,1094.72925636
Sat Jan 16 2016 06:02:00 GMT-0800 (PST),120.893244031,8.58833779167,1038.27201647
Sat Jan 16 2016 06:04:00 GMT-0800 (PST),122.984342765,8.99206528605,1105.8832393
Sat Jan 16 2016 06:06:00 GMT-0800 (PST),121.988989513,8.61360637312,1050.76513752
Sat Jan 16 2016 06:08:00 GMT-0800 (PST),119.962405725,9.5615173954,1147.02262914
Sat Jan 16 2016 06:10:00 GMT-0800 (PST),118.534526617,9.2318120214,1094.28846778
Sat Jan 16 2016 06:12:00 GMT-0800 (PST),117.254860646,10.1227186285,1186.93796215
Sat Jan 16 2016 06:14:00 GMT-0800 (PST),119.628275001,9.4154936423,1126.35926271
Sat Jan 16 2016 06:16:00 GMT-0800 (PST),120.818828483,9.44857950107,1141.56630615
Sat Jan 16 2016 06:18:00 GMT-0800 (PST),123.152440147,9.17910000523,1130.428564
Sat Jan 16 2016 06:20:00 GMT-0800 (PST),119.071364051,9.28455674574,1105.52483633
Sat Jan 16 2016 06:22:00 GMT-0800 (PST),122.474734764,9.16989138479,1123.08001517
Sat Jan 16 2016 06:24:00 GMT-0800 (PST),118.365974232,9.29289357827,1099.96240183
Sat Jan 16 2016 06:26:00 GMT-0800 (PST),120.927585478,9.35281881236,1131.01379639
Sat Jan 16 2016 06:28:00 GMT-0800 (PST),118.623503183,9.47987912005,1124.53647097
Sat Jan 16 2016 06:30:00 GMT-0800 (PST),119.478456241,9.20811312588,1100.17114118
Sat Jan 16 2016 06:32:00 GMT-0800 (PST),120.212024138,9.56096144653,1149.34252819
Sat Jan 16 2016 06:34:00 GMT-0800 (PST),115.96697527,9.86049698741,1143.49201029
Sat Jan 16 2016 06:36:00 GMT-0800 (PST),121.292201017,9.40690753359,1140.98451951
Sat Jan 16 2016 06:38:00 GMT-0800 (PST),118.040009004,9.59059786609,1132.07425847
Sat Jan 16 2016 06:40:00 GMT-0800 (PST),119.754103188,9.80430485907,1174.10573578
Sat Jan 16 2016 06:42:00 GMT-0800 (PST),120.245830402,9.24818804572,1112.05605127
Sat Jan 16 2016 06:44:00 GMT-0800 (PST),122.045712688,9.60919082991,1172.7605432
Sat Jan 16 2016 06:46:00 GMT-0800 (PST),119.334403683,9.77877170487,1166.94389016
Sat Jan 16 2016 06:48:00 GMT-0800 (PST),121.581593433,9.58819042326,1165.7474698
Sat Jan 16 2016 06:50:00 GMT-0800 (PST),121.045102807,9.561664042,1157.39260697
Sat Jan 16 2016 06:52:00 GMT-0800 (PST),118.308207684,9.36173260896,1107.56980578
Sat Jan 16 2016 06:54:00 GMT-0800 (PST),120.51047366,9.4369701301,1137.2537403
Sat Jan 16 2016 06:56:00 GMT-0800 (PST),116.237545584,9.79293360508,1138.30656632
Sat Jan 16 2016 06:58:00 GMT-0800 (PST),119.89093149,9.66543902834,1158.79848837
Sat Jan 16 2016 07:00:00 GMT-0800 (PST),119.828614259,9.87447822553,1183.2450423
Sat Jan 16 2016 07:02:00 GMT-0800 (PST),118.224709829,9.78760144998,1157.13634135
Sat Jan 16 2016 07:04:00 GMT-0800 (PST),118.354698036,9.15569695248,1083.61974812
Sat Jan 16 2016 07:06:00 GMT-0800 (PST),122.703709869,8.84995472453,1085.92227688
Sat Jan 16 2016 07:08:00 GMT-0800 (PST),122.043045288,8.89887194194,1086.04543143
Sat Jan 16 2016 07:10:00 GMT-0800 (PST),118.439113974,9.56324199187,1132.66190824
Sat Jan 16 2016 07:12:00 GMT-0800 (PST),116.8993643,10.167930128,1188.62456821
Sat Jan 16 2016 07:14:00 GMT-0800 (PST),123.560777317,9.34349251673,1154.48919823
Sat Jan 16 2016 07:16:00 GMT-0800 (PST),120.027288904,9.27950649457,1113.79400691
Sat Jan 16 2016 07:18:00 GMT-0800 (PST),120.860030478,8.90223364,1075.92422905
Sat Jan 16 2016 07:20:00 GMT-0800 (PST),123.525387145,9.47530584301,1170.44082258
Sat Jan 16 2016 07:22:00 GMT-0800 (PST),117.525264142,9.51377176409,1118.10853956
Sat Jan 16 2016 07:24:00 GMT-0800 (PST),119.711659172,9.74870370271,1167.03349503
Sat Jan 16 2016 07:26:00 GMT-0800 (PST),118.405009654,10.2201615962,1210.11833246
Sat Jan 16 2016 07:28:00 GMT-0800 (PST),118.29319739,9.79686360085,1158.90231974
Sat Jan 16 2016 07:30:00 GMT-0800 (PST),121.065798632,10.2049419749,1235.46945019
Sat Jan 16 2016 07:32:00 GMT-0800 (PST),121.154808384,10.2294502611,1239.34708625
Sat Jan 16 2016 07:34:00 GMT-0800 (PST),120.079466589,9.71513171976,1166.58783475
Sat Jan 16 2016 07:36:00 GMT-0800 (PST),119.850523941,10.1684485222,1218.69388306
Sat Jan 16 2016 07:38:00 GMT-0800 (PST),120.234376609,10.3567210769,1245.23390239
Sat Jan 16 2016 07:40:00 GMT-0800 (PST),116.1973881,10.5711317405,1228.33789751
Sat Jan 16 2016 07:42:00 GMT-0800 (PST),122.553918542,9.98750583428,1224.00797645
Sat Jan 16 2016 07:44:00 GMT-0800 (PST),118.896440134,10.3113905844,1225.98763331
Sat Jan 16 2016 07:46:00 GMT-0800 (PST),118.48937447,11.2502943762,1333.04034324
Sat Jan 16 2016 07:48:00 GMT-0800 (PST),118.800539691,11.2674951008,1338.58449894
Sat Jan 16 2016 07:50:00 GMT-0800 (PST),121.649295787,10.4311621694,1268.94353215
Sat Jan 16 2016 07:52:00 GMT-0800 (PST),122.490284836,11.1960913832,1371.41242257
Sat Jan 16 2016 07:54:00 GMT-0800 (PST),122.289210649,10.6495614534,1302.32646389
Sat Jan 16 2016 07:56:00 GMT-0800 (PST),120.277385908,11.0180103944,1325.21748814
Sat Jan 16 2016 07:58:00 GMT-0800 (PST),120.122763295,10.8351478668,1301.54790247
Sat Jan 16 2016 08:00:00 GMT-0800 (PST),118.745584648,11.8511117245,1407.26719046
Sat Jan 16 2016 08:02:00 GMT-0800 (PST),115.992050772,11.2677483088,1306.96923391
Sat Jan 16 2016 08:04:00 GMT-0800 (PST),122.772610303,11.6100368606,1425.39453108
Sat Jan 16 2016 08:06:00 GMT-0800 (PST),119.909339994,12.1536632266,1457.337736
Sat Jan 16 2016 08:08:00 GMT-0800 (PST),121.171111979,12.1317820471,1470.02152094
Sat Jan 16 2016 08:10:00 GMT-0800 (PST),115.975727961,12.5615278827,1456.83234051
Sat Jan 16 2016 08:12:00 GMT-0800 (PST),120.983228452,11.7494721295,1421.48907084
Sat Jan 16 2016 08:14:00 GMT-0800 (PST),118.230807266,12.1272211451,1433.81114588
Sat Jan 16 2016 08:16:00 GMT-0800 (PST),116.532237038,11.9360693072,1390.9368578
Sat Jan 16 2016 08:18:00 GMT-0800 (PST),120.015902975,12.2514629671,1470.37039075
Sat Jan 16 2016 08:20:00 GMT-0800 (PST),121.939767817,12.047201615,1469.03296778
Sat Jan 16 2016 08:22:00 GMT-0800 (PST),118.739002301,12.1606198279,1443.93986573
Sat Jan 16 2016 08:24:00 GMT-0800 (PST),116.708428173,12.9184370487,1507.6904824
Sat Jan 16 2016 08:26:00 GMT-0800 (PST),121.454657787,12.4370807908,1510.54139132
Sat Jan 16 2016 08:28:00 GMT-0800 (PST),119.204085334,12.1876518534,1452.81789156
Sat Jan 16 2016 08:30:00 GMT-0800 (PST),119.631169487,12.3548498774,1478.02513967
Sat Jan 16 2016 08:32:00 GMT-0800 (PST),120.237627525,12.494870737,1502.35361364
Sat Jan 16 2016 08:34:00 GMT-0800 (PST),119.615309093,12.9136419578,1544.66927429
Sat Jan 16 2016 08:36:00 GMT-0800 (PST),122.227433473,12.3480413673,1509.26940475
Sat Jan 16 2016 08:38:00 GMT-0800 (PST),119.208227073,13.0916655152,1560.63423549
Sat Jan 16 2016 08:40:00 GMT-0800 (PST),118.391578356,13.059435239,1546.12715039
Sat Jan 16 2016 08:42:00 GMT-0800 (PST),119.84065358,12.5200028797,1500.40532793
Sat Jan 16 2016 08:44:00 GMT-0800 (PST),118.88536523,12.9645230384,1541.29205645
Sat Jan 16 2016 08:46:00 GMT-0800 (PST),120.20552268,12.5749322169,1511.5762998
Sat Jan 16 2016 08:48:00 GMT-0800 (PST),123.76539359,13.1677356488,1629.70998525
Sat Jan 16 2016 08:50:00 GMT-0800 (PST),117.072009166,14.0704129271,1647.25151117
Sat Jan 16 2016 08:52:00 GMT-0800 (PST),118.304008904,13.6502709652,1614.88177781
Sat Jan 16 2016 08:54:00 GMT-0800 (PST),117.945111496,13.9087738052,1640.47187723
Sat Jan 16 2016 08:56:00 GMT-0800 (PST),118.929459097,13.3050742103,1582.36527907
Sat Jan 16 2016 08:58:00 GMT-0800 (PST),119.65499271,13.8594468166,1658.3520078
Sat Jan 16 2016 09:00:00 GMT-0800 (PST),120.35405336,13.4846030288,1622.92663246
Sat Jan 16 2016 09:02:00 GMT-0800 (PST),119.376218382,13.8787515163,1656.79287188
Sat Jan 16 2016 09:04:00 GMT-0800 (PST),118.134558483,13.4615617004,1590.27564797
Sat Jan 16 2016 09:06:00 GMT-0800 (PST),120.562351254,13.5940936697,1638.93589599
Sat Jan 16 2016 09:08:00 GMT-0800 (PST),119.743267463,13.5001688726,1616.5543321
Sat Jan 16 2016 09:10:00 GMT-0800 (PST),121.595807601,14.1412026112,1719.51095196
Sat Jan 16 2016 09:12:00 GMT-0800 (PST),121.353910852,14.1545847578,1717.71421684
Sat Jan 16 2016 09:14:00 GMT-0800 (PST),121.774738278,13.5324003866,1647.90451536
Sat Jan 16 2016 09:16:00 GMT-0800 (PST),120.144298903,14.0911601377,1692.97255547
Sat Jan 16 2016 09:18:00 GMT-0800 (PST),118.204013564,14.627478133,1729.02662364
Sat Jan 16 2016 09:20:00 GMT-0800 (PST),121.467930827,13.5335177999,1643.88840397
Sat Jan 16 2016 09:22:00 GMT-0800 (PST),120.588523112,14.2871796729,1722.86989619
Sat Jan 16 2016 09:24:00 GMT-0800 (PST),122.396186754,14.0343359493,1717.74920382
Sat Jan 16 2016 09:26:00 GMT-0800 (PST),123.566722844,13.7643152161,1700.81132345
Sat Jan 16 2016 09:28:00 GMT-0800 (PST),118.459009212,14.2341520162,1686.16354481
Sat Jan 16 2016 09:30:00 GMT-0800 (PST),119.819659656,14.3935217381,1724.62687591
Sat Jan 16 2016 09:32:00 GMT-0800 (PST),123.182032689,13.8396481873,1704.79599541
Sat Jan 16 2016 09:34:00 GMT-0800 (PST),122.143916722,14.0146778238,1711.807641
Sat Jan 16 2016 09:36:00 GMT-0800 (PST),116.790390476,15.2185910657,1777.38519306
Sat Jan 16 2016 09:38:00 GMT-0800 (PST),119.364364075,14.9578724564,1785.43693367
Sat Jan 16 2016 09:40:00 GMT-0800 (PST),120.204714676,14.4046855357,1731.51111482
Sat Jan 16 2016 09:42:00 GMT-0800 (PST),118.097774034,15.2578260469,1801.91529274
Sat Jan 16 2016 09:44:00 GMT-0800 (PST),120.792586631,14.8281390794,1791.12927431
Sat Jan 16 2016 09:46:00 GMT-0800 (PST),119.551945951,14.7283741567,1760.80579113
Sat Jan 16 2016 09:48:00 GMT-0800 (PST),120.387755863,14.3634517118,1729.18371802
Sat Jan 16 2016 09:50:00 GMT-0800 (PST),122.432982931,13.8820152533,1699.61653655
Sat Jan 16 2016 09:52:00 GMT-0800 (PST),121.350295575,14.8062836391,1796.74689598
Sat Jan 16 2016 09:54:00 GMT-0800 (PST),120.721849457,14.8358991395,1791.01718248
Sat Jan 16 2016 09:56:00 GMT-0800 (PST),118.72404643,14.710576291,1746.49914259
Sat Jan 16 2016 09:58:00 GMT-0800 (PST),123.004050732,13.9352465314,1714.09177131
Sat Jan 16 2016 10:00:00 GMT-0800 (PST),119.608257011,14.1295662326,1690.01278941
Sat Jan 16 2016 10:02:00 GMT-0800 (PST),119.470899965,14.7215401512,1758.79565073
Sat Jan 16 2016 10:04:00 GMT-0800 (PST),120.099895384,13.6860288898,1643.69063789
Sat Jan 16 2016 10:06:00 GMT-0800 (PST),120.172501756,13.9676856786,1678.53173174
Sat Jan 16 2016 10:08:00 GMT-0800 (PST),121.3221436,13.248934516,1607.3891359
Sat Jan 16 2016 10:10:00 GMT-0800 (PST),118.072266283,13.6809621156,1615.34220192
Sat Jan 16 2016 10:12:00 GMT-0800 (PST),120.66303579,13.3112472338,1606.17550137
Sat Jan 16 2016 10:14:00 GMT-0800 (PST),119.421319214,13.4286681344,1603.6692639
Sat Jan 16 2016 10:16:00 GMT-0800 (PST),120.940906187,13.473580686,1629.50705775
Sat Jan 16 2016 10:18:00 GMT-0800 (PST),120.547209946,12.9589999976,1562.1712934
Sat Jan 16 2016 10:20:00 GMT-0800 (PST),119.691273836,13.4246658294,1606.81535395
Sat Jan 16 2016 10:22:00 GMT-0800 (PST),117.330833629,13.0272230808,1528.49494394
Sat Jan 16 2016 10:24:00 GMT-0800 (PST),118.032155241,13.1143888126,1547.91957623
Sat Jan 16 2016 10:26:00 GMT-0800 (PST),116.623034774,12.527980198,1461.05107028
Sat Jan 16 2016 10:28:00 GMT-0800 (PST),118.217434261,12.6684482674,1497.63145025
Sat Jan 16 2016 10:30:00 GMT-0800 (PST),117.7873896,11.921201506,1404.16720629
Sat Jan 16 2016 10:32:00 GMT-0800 (PST),119.709403221,12.3702418535,1480.83426998
Sat Jan 16 2016 10:34:00 GMT-0800 (PST),118.459167605,11.8921233004,1408.73102722
Sat Jan 16 2016 10:36:00 GMT-0800 (PST),120.245615229,11.6724498603,1403.56091468
Sat Jan 16 2016 10:38:00 GMT-0800 (PST),120.110262245,11.0943066163,1332.54007711
Sat Jan 16 2016 10:40:00 GMT-0800 (PST),121.500291628,10.9436814329,1329.66048558
Sat Jan 16 2016 10:42:00 GMT-0800 (PST),121.942768099,11.7160611806,1428.68893158
Sat Jan 16 2016 10:44:00 GMT-0800 (PST),115.633841975,12.0169147421,1389.56202031
Sat Jan 16 2016 10:46:00 GMT-0800 (PST),117.67553154,11.1585024936,1313.08271213
Sat Jan 16 2016 10:48:00 GMT-0800 (PST),116.667692963,11.7130835866,1366.53843953
Sat Jan 16 2016 10:50:00 GMT-0800 (PST),120.914357807,10.4142452191,1259.2317727
Sat Jan 16 2016 10:52:00 GMT-0800 (PST),123.567465369,10.7666761886,1330.41088708
Sat Jan 16 2016 10:54:00 GMT-0800 (PST),119.98988602,10.9644332009,1315.62109005
Sat Jan 16 2016 10:56:00 GMT-0800 (PST),119.808540726,10.709785781,1283.12380591
Sat Jan 16 2016 10:58:00 GMT-0800 (PST),120.860431729,10.2277432273,1236.12946207
Sat Jan 16 2016 11:00:00 GMT-0800 (PST),120.650692175,10.5650732792,1274.68340402
Sat Jan 16 2016 11:02:00 GMT-0800 (PST),121.323977235,10.6153655543,1287.89836885
Sat Jan 16 2016 11:04:00 GMT-0800 (PST),118.003132582,10.1158278858,1193.69937919
Sat Jan 16 2016 11:06:00 GMT-0800 (PST),122.408498455,9.4430436554,1155.9087947
Sat Jan 16 2016 11:08:00 GMT-0800 (PST),117.138230018,10.5254847845,1232.93665774
Sat Jan 16 2016 11:10:00 GMT-0800 (PST),119.446453655,10.0268638777,1197.67333147
Sat Jan 16 2016 11:12:00 GMT-0800 (PST),117.397408857,10.1379726846,1190.17172424
Sat Jan 16 2016 11:14:00 GMT-0800 (PST),117.711566264,9.22586017283,1085.99045108
Sat Jan 16 2016 11:16:00 GMT-0800 (PST),119.867528616,9.52202500664,1141.38160496
Sat Jan 16 2016 11:18:00 GMT-0800 (PST),120.614559352,9.36480645865,1129.53200443
Sat Jan 16 2016 11:20:00 GMT-0800 (PST),119.619555769,9.56545760979,1144.21579001
Sat Jan 16 2016 11:22:00 GMT-0800 (PST),120.558367124,9.43503545143,1137.47246779
Sat Jan 16 2016 11:24:00 GMT-0800 (PST),121.818450487,9.23500058422,1124.99346142
Sat Jan 16 2016 11:26:00 GMT-0800 (PST),116.678595597,9.06619950478,1057.83142562
Sat Jan 16 2016 11:28:00 GMT-0800 (PST),118.834972659,8.61838928268,1024.16605477
Sat Jan 16 2016 11:30:00 GMT-0800 (PST),117.539555305,9.57133352261,1125.01028592
Sat Jan 16 2016 11:32:00 GMT-0800 (PST),119.402497727,9.28033875448,1108.09562704
Sat Jan 16 2016 11:34:00 GMT-0800 (PST),121.109834133,9.26399754394,1121.96120596
Sat Jan 16 2016 11:36:00 GMT-0800 (PST),118.116447376,8.82909326205,1042.86112967
Sat Jan 16 2016 11:38:00 GMT-0800 (PST),119.125186771,8.9674595259,1068.25029089
Sat Jan 16 2016 11:40:00 GMT-0800 (PST),118.89932895,8.73610671884,1038.71722651
Sat Jan 16 2016 11:42:00 GMT-0800 (PST),121.671993652,8.93308886957,1086.90673223
Sat Jan 16 2016 11:44:00 GMT-0800 (PST),120.075034017,8.85731358894,1063.54223049
Sat Jan 16 2016 11:46:00 GMT-0800 (PST),120.577896362,9.12393475876,1100.14485976
Sat Jan 16 2016 11:48:00 GMT-0800 (PST),120.781929391,9.09210373378,1098.16183119
Sat Jan 16 2016 11:50:00 GMT-0800 (PST),120.173268533,8.86581071824,1065.4334522
Sat Jan 16 2016 11:52:00 GMT-0800 (PST),117.922039482,8.83235406587,1041.52920488
Sat Jan 16 2016 11:54:00 GMT-0800 (PST),124.319587518,8.05303845158,1001.15041856
Sat Jan 16 2016 11:56:00 GMT-0800 (PST),117.685154268,8.51646379206,1002.26135518
Sat Jan 16 2016 11:58:00 GMT-0800 (PST),121.766899989,8.37067883116,1019.27161208
Sat Jan 16 2016 12:00:00 GMT-0800 (PST),116.701222125,9.13467899033,1066.02820189
Sat Jan 16 2016 12:02:00 GMT-0800 (PST),116.352671782,8.70034137845,1012.3079648
Sat Jan 16 2016 12:04:00 GMT-0800 (PST),121.065037636,8.1572998007,987.56380738
Sat Jan 16 2016 12:06:00 GMT-0800 (PST),118.758185439,8.05533789851,956.637311925
Sat Jan 16 2016 12:08:00 GMT-0800 (PST),120.34596556,8.24122392429,991.798050566
Sat Jan 16 2016 12:10:00 GMT-0800 (PST),116.713298329,9.04162385931,1055.27774287
Sat Jan 16 2016 12:12:00 GMT-0800 (PST),117.830446778,8.27186152604,974.677139299
Sat Jan 16 2016 12:14:00 GMT-0800 (PST),119.674844987,8.1978342404,981.07454195
Sat Jan 16 2016 12:16:00 GMT-0800 (PST),120.888027975,8.42819137275,1018.86743445
Sat Jan 16 2016 12:18:00 GMT-0800 (PST),120.017906888,8.69154804026,1043.14140341
Sat Jan 16 2016 12:20:00 GMT-0800 (PST),118.392287106,8.23450128405,974.901440194
Sat Jan 16 2016 12:22:00 GMT-0800 (PST),122.627796359,8.02139872166,983.646448957
Sat Jan 16 2016 12:24:00 GMT-0800 (PST),118.966422126,8.11523402127,965.440356229
Sat Jan 16 2016 12:26:00 GMT-0800 (PST),118.76791932,8.1985239662,973.721632964
Sat Jan 16 2016 12:28:00 GMT-0800 (PST),118.994440486,7.95066007506,946.084347125
Sat Jan 16 2016 12:30:00 GMT-0800 (PST),119.507967867,8.65412410093,1034.23678498
Sat Jan 16 2016 12:32:00 GMT-0800 (PST),121.957986639,8.18763322219,998.547263114
Sat Jan 16 2016 12:34:00 GMT-0800 (PST),118.132090876,7.95952195696,940.274971146
Sat Jan 16 2016 12:36:00 GMT-0800 (PST),121.47752515,7.54262752759,916.259725183
Sat Jan 16 2016 12:38:00 GMT-0800 (PST),124.106616921,7.63718218946,947.824844347
Sat Jan 16 2016 12:40:00 GMT-0800 (PST),116.405972426,8.12671964277,945.998702651
Sat Jan 16 2016 12:42:00 GMT-0800 (PST),120.954864015,7.90077933127,955.637689627
Sat Jan 16 2016 12:44:00 GMT-0800 (PST),121.154920414,7.66726192547,928.92650837
Sat Jan 16 2016 12:46:00 GMT-0800 (PST),122.095457565,8.14629815129,994.626000244
Sat Jan 16 2016 12:48:00 GMT-0800 (PST),117.442781454,8.10194716719,951.515210506
Sat Jan 16 2016 12:50:00 GMT-0800 (PST),120.53114925,7.67550675239,925.137649939
Sat Jan 16 2016 12:52:00 GMT-0800 (PST),119.293587245,8.03007599031,957.936570732
Sat Jan 16 2016 12:54:00 GMT-0800 (PST),115.42639515,8.30647087968,958.785990059
Sat Jan 16 2016 12:56:00 GMT-0800 (PST),116.068957189,7.5704709514,878.696668762
Sat Jan 16 2016 12:58:00 GMT-0800 (PST),122.187996649,7.39961140218,904.143693212
Sat Jan 16 2016 13:00:00 GMT-0800 (PST),121.72174541,7.35335799903,895.063570264
Sat Jan 16 2016 13:02:00 GMT-0800 (PST),123.531285348,7.39047366575,912.954711259
Sat Jan 16 2016 13:04:00 GMT-0800 (PST),116.016503978,7.6615400115,888.86508722
Sat Jan 16 2016 13:06:00 GMT-0800 (PST),120.582934987,7.04392588375,849.377256894
Sat Jan 16 2016 13:08:00 GMT-0800 (PST),118.589530717,7.81108154847,926.312495223
Sat Jan 16 2016 13:10:00 GMT-0800 (PST),123.632677504,7.37746027346,912.095166785
Sat Jan 16 2016 13:12:00 GMT-0800 (PST),119.407963119,7.47781516516,892.910677456
Sat Jan 16 2016 13:14:00 GMT-0800 (PST),121.641123578,7.1159014625,865.586249168
Sat Jan 16 2016 13:16:00 GMT-0800 (PST),119.526372339,7.2887066832,871.192668888
Sat Jan 16 2016 13:18:00 GMT-0800 (PST),119.427074663,7.58222510056,905.522963196
Sat Jan 16 2016 13:20:00 GMT-0800 (PST),121.17885758,8.07719501038,978.78526381
Sat Jan 16 2016 13:22:00 GMT-0800 (PST),121.838393767,7.62324204838,928.803566469
Sat Jan 16 2016 13:24:00 GMT-0800 (PST),122.445777405,7.63781172245,935.217794028
Sat Jan 16 2016 13:26:00 GMT-0800 (PST),123.738597601,7.65053739097,946.666767653
Sat Jan 16 2016 13:28:00 GMT-0800 (PST),122.499519279,6.9463529395,850.924895833
Sat Jan 16 2016 13:30:00 GMT-0800 (PST),119.272629453,7.14361110635,852.037280444
Sat Jan 16 2016 13:32:00 GMT-0800 (PST),120.746608762,7.85599251651,948.584454831
Sat Jan 16 2016 13:34:00 GMT-0800 (PST),121.945137094,7.72398188882,941.902030346
Sat Jan 16 2016 13:36:00 GMT-0800 (PST),120.01666148,7.20143558638,864.292256938
Sat Jan 16 2016 13:38:00 GMT-0800 (PST),120.965904828,6.93848273138,839.319841733
Sat Jan 16 2016 13:40:00 GMT-0800 (PST),118.142536854,7.17522995316,847.699869178
Sat Jan 16 2016 13:42:00 GMT-0800 (PST),115.997772567,7.74876338335,898.839292616
Sat Jan 16 2016 13:44:00 GMT-0800 (PST),120.729337345,6.80384173721,821.423304334
Sat Jan 16 2016 13:46:00 GMT-0800 (PST),120.553124457,7.30545996933,880.696024902
Sat Jan 16 2016 13:48:00 GMT-0800 (PST),118.733306,7.08470530052,841.190482369
Sat Jan 16 2016 13:50:00 GMT-0800 (PST),119.704571677,7.38755393425,884.323979441
Sat Jan 16 2016 13:52:00 GMT-0800 (PST),119.510853413,6.79387196063,811.941435997
Sat Jan 16 2016 13:54:00 GMT-0800 (PST),119.839633763,6.98540348683,837.12819555
Sat Jan 16 2016 13:56:00 GMT-0800 (PST),119.564614789,7.09704471501,848.55541749
Sat Jan 16 2016 13:58:00 GMT-0800 (PST),120.089809463,6.7162735713,806.556013477
Sat Jan 16 2016 14:00:00 GMT-0800 (PST),119.542533807,7.1308305374,852.437550587
Sat Jan 16 2016 14:02:00 GMT-0800 (PST),125.09692395,5.81366627128,727.27176741
Sat Jan 16 2016 14:04:00 GMT-0800 (PST),116.983040586,7.20235541809,842.553436193
Sat Jan 16 2016 14:06:00 GMT-0800 (PST),119.306214776,6.80239702815,811.568240829
Sat Jan 16 2016 14:08:00 GMT-0800 (PST),119.030671137,6.94397499659,826.546004201
Sat Jan 16 2016 14:10:00 GMT-0800 (PST),120.174137559,5.95385049799,715.498848752
Sat Jan 16 2016 14:12:00 GMT-0800 (PST),122.607912208,6.28618426032,770.735927911
Sat Jan 16 2016 14:14:00 GMT-0800 (PST),122.052938836,6.1578928804,751.588923092
Sat Jan 16 2016 14:16:00 GMT-0800 (PST),118.586659444,6.44048012561,763.755023311
Sat Jan 16 2016 14:18:00 GMT-0800 (PST),120.928742358,5.21695211505,630.879458214
Sat Jan 16 2016 14:20:00 GMT-0800 (PST),120.426805052,5.69336293413,685.63350816
Sat Jan 16 2016 14:22:00 GMT-0800 (PST),118.09778003,5.7922432199,684.051065663
Sat Jan 16 2016 14:24:00 GMT-0800 (PST),120.650891546,5.65357994143,682.109460362
Sat Jan 16 2016 14:26:00 GMT-0800 (PST),121.327466731,5.62780304589,682.80708682
Sat Jan 16 2016 14:28:00 GMT-0800 (PST),119.630869361,5.85280229545,700.175826805
Sat Jan 16 2016 14:30:00 GMT-0800 (PST),120.618080652,5.81517631032,701.415405204
Sat Jan 16 2016 14:32:00 GMT-0800 (PST),122.298901855,4.84390014677,592.403668644
Sat Jan 16 2016 14:34:00 GMT-0800 (PST),118.916265885,5.58086474037,663.655595334
Sat Jan 16 2016 14:36:00 GMT-0800 (PST),120.678656828,5.67727553399,685.125985887
Sat Jan 16 2016 14:38:00 GMT-0800 (PST),118.630966408,5.63189206507,668.116798383
Sat Jan 16 2016 14:40:00 GMT-0800 (PST),116.676881366,5.26265293246,614.029931873
Sat Jan 16 2016 14:42:00 GMT-0800 (PST),118.627495058,5.25184220088,623.01288473
Sat Jan 16 2016 14:44:00 GMT-0800 (PST),120.398313524,4.65815030584,560.833440966
Sat Jan 16 2016 14:46:00 GMT-0800 (PST),119.760477425,5.21548392059,624.608844331
Sat Jan 16 2016 14:48:00 GMT-0800 (PST),119.193636108,5.413926366,645.305569184
Sat Jan 16 2016 14:50:00 GMT-0800 (PST),119.110203136,5.54620416209,660.609504379
Sat Jan 16 2016 14:52:00 GMT-0800 (PST),120.417481336,4.47636374223,539.032447384
Sat Jan 16 2016 14:54:00 GMT-0800 (PST),119.882376512,4.52134779175,542.029918312
Sat Jan 16 2016 14:56:00 GMT-0800 (PST),117.979850105,5.28541508241,623.572479168
Sat Jan 16 2016 14:58:00 GMT-0800 (PST),118.899402973,4.57035936123,543.412999423
Sat Jan 16 2016 15:00:00 GMT-0800 (PST),118.533975096,5.47380838941,648.832267312
Sat Jan 16 2016 15:02:00 GMT-0800 (PST),117.297862432,5.15179878458,604.294985111
Sat Jan 16 2016 15:04:00 GMT-0800 (PST),122.583293991,4.57496026203,560.813698799
Sat Jan 16 2016 15:06:00 GMT-0800 (PST),117.495226441,4.43245729571,520.792573648
Sat Jan 16 2016 15:08:00 GMT-0800 (PST),118.524325036,5.21409898727,617.997563136
Sat Jan 16 2016 15:10:00 GMT-0800 (PST),119.385519563,5.27040192334,629.209671926
Sat Jan 16 2016 15:12:00 GMT-0800 (PST),119.309661715,4.87911172526,582.125169408
Sat Jan 16 2016 15:14:00 GMT-0800 (PST),118.595466067,4.33584100994,514.211085366
Sat Jan 16 2016 15:16:00 GMT-0800 (PST),117.037521256,4.6611740319,545.532254835
Sat Jan 16 2016 15:18:00 GMT-0800 (PST),121.12899763,4.83466942062,585.618660791
Sat Jan 16 2016 15:20:00 GMT-0800 (PST),122.797180769,4.29550003599,527.475294413
Sat Jan 16 2016 15:22:00 GMT-0800 (PST),119.024930885,4.41517167945,525.515503993
Sat Jan 16 2016 15:24:00 GMT-0800 (PST),120.734001315,4.15805743659,502.018912019
Sat Jan 16 2016 15:26:00 GMT-0800 (PST),117.959083227,5.01089657354,591.080765962
Sat Jan 16 2016 15:28:00 GMT-0800 (PST),117.265417226,4.43647603975,520.245213813
Sat Jan 16 2016 15:30:00 GMT-0800 (PST),118.41054901,5.14320931597,609.010238779
Sat Jan 16 2016 15:32:00 GMT-0800 (PST),117.304369595,4.85250329617,569.219840115
Sat Jan 16 2016 15:34:00 GMT-0800 (PST),120.58994934,4.77406005708,575.703660431
Sat Jan 16 2016 15:36:00 GMT-0800 (PST),121.532973472,4.28054662045,520.227558868
Sat Jan 16 2016 15:38:00 GMT-0800 (PST),120.120810999,4.3936225185,527.765500146
Sat Jan 16 2016 15:40:00 GMT-0800 (PST),124.059581536,3.96993094597,492.507971884
Sat Jan 16 2016 15:42:00 GMT-0800 (PST),119.32568655,4.89179971945,583.717359988
Sat Jan 16 2016 15:44:00 GMT-0800 (PST),121.270182461,4.48784590714,544.241892018
Sat Jan 16 2016 15:46:00 GMT-0800 (PST),120.357941667,3.99672466083,481.037553586
Sat Jan 16 2016 15:48:00 GMT-0800 (PST),119.391276944,4.82321828716,575.850190284
Sat Jan 16 2016 15:50:00 GMT-0800 (PST),121.251688836,4.8959910434,593.647182539
Sat Jan 16 2016 15:52:00 GMT-0800 (PST),120.055143999,5.1986515993,624.124866354
Sat Jan 16 2016 15:54:00 GMT-0800 (PST),120.887022662,4.34138898911,524.817589111
Sat Jan 16 2016 15:56:00 GMT-0800 (PST),117.177440314,5.13081442978,601.215701606
Sat Jan 16 2016 15:58:00 GMT-0800 (PST),114.692458989,5.51826905947,632.903847792
Sat Jan 16 2016 16:00:00 GMT-0800 (PST),119.572543371,5.31875810881,635.977434646
Sat Jan 16 2016 16:02:00 GMT-0800 (PST),114.96362932,5.26773653549,605.598110423
Sat Jan 16 2016 16:04:00 GMT-0800 (PST),120.442589999,5.07463997654,611.202782087
Sat Jan 16 2016 16:06:00 GMT-0800 (PST),119.857874615,5.83999884462,699.96984927
Sat Jan 16 2016 16:08:00 GMT-0800 (PST),118.610686465,5.23765211212,621.241512481
Sat Jan 16 2016 16:10:00 GMT-0800 (PST),118.810782644,5.41654384354,643.543813277
Sat Jan 16 2016 16:12:00 GMT-0800 (PST),118.362170053,6.09914992793,721.908620952
Sat Jan 16 2016 16:14:00 GMT-0800 (PST),119.437550447,6.33691734149,756.865884654
Sat Jan 16 2016 16:16:00 GMT-0800 (PST),117.254902164,5.70244750086,668.639923808
Sat Jan 16 2016 16:18:00 GMT-0800 (PST),119.520266002,6.46635268824,772.86019336
Sat Jan 16 2016 16:20:00 GMT-0800 (PST),119.264299392,5.65127510595,673.995366186
Sat Jan 16 2016 16:22:00 GMT-0800 (PST),116.819395344,6.79327538645,793.586323053
Sat Jan 16 2016 16:24:00 GMT-0800 (PST),119.518874726,5.74147635012,686.214792631
Sat Jan 16 2016 16:26:00 GMT-0800 (PST),117.124672152,6.92910818386,811.569524339
Sat Jan 16 2016 16:28:00 GMT-0800 (PST),118.215531964,6.4620625168,763.916158011
Sat Jan 16 2016 16:30:00 GMT-0800 (PST),116.83939124,6.58309823362,769.165190089
Sat Jan 16 2016 16:32:00 GMT-0800 (PST),118.941250758,6.07896240271,723.039391492
Sat Jan 16 2016 16:34:00 GMT-0800 (PST),120.371909588,6.88282552811,828.498852181
Sat Jan 16 2016 16:36:00 GMT-0800 (PST),121.050427697,6.80802576723,824.114430893
Sat Jan 16 2016 16:38:00 GMT-0800 (PST),120.433039792,6.27890772801,756.187944259
Sat Jan 16 2016 16:40:00 GMT-0800 (PST),119.849784716,6.89101866435,825.887103394
Sat Jan 16 2016 16:42:00 GMT-0800 (PST),120.867297466,6.73418843882,813.943157226
Sat Jan 16 2016 16:44:00 GMT-0800 (PST),119.590233604,6.97353101894,833.966203598
Sat Jan 16 2016 16:46:00 GMT-0800 (PST),121.933318934,6.71324093536,818.567748054
Sat Jan 16 2016 16:48:00 GMT-0800 (PST),119.588003429,6.78533310357,811.444438458
Sat Jan 16 2016 16:50:00 GMT-0800 (PST),119.233734168,7.55293526179,900.564675193
Sat Jan 16 2016 16:52:00 GMT-0800 (PST),118.289655849,7.35378612394,869.876829792
Sat Jan 16 2016 16:54:00 GMT-0800 (PST),117.34544077,7.47321630755,876.947861581
Sat Jan 16 2016 16:56:00 GMT-0800 (PST),122.920730331,7.7350464594,950.797559934
Sat Jan 16 2016 16:58:00 GMT-0800 (PST),119.664357878,8.17431918843,978.174656777
Sat Jan 16 2016 17:00:00 GMT-0800 (PST),118.67373038,7.96661187167,945.427549302
Sat Jan 16 2016 17:02:00 GMT-0800 (PST),117.86450496,8.05096937262,948.923519548
Sat Jan 16 2016 17:04:00 GMT-0800 (PST),118.758879747,7.73106814237,918.132991834
Sat Jan 16 2016 17:06:00 GMT-0800 (PST),118.540282754,8.70255423517,1031.60323972
Sat Jan 16 2016 17:08:00 GMT-0800 (PST),121.016319289,7.99348428472,967.342046434
Sat Jan 16 2016 17:10:00 GMT-0800 (PST),120.838354911,8.33468680066,1007.14984169
Sat Jan 16 2016 17:12:00 GMT-0800 (PST),119.180916863,8.44766496222,1006.80045555
Sat Jan 16 2016 17:14:00 GMT-0800 (PST),120.124869309,8.33247677822,1000.937684
Sat Jan 16 2016 17:16:00 GMT-0800 (PST),117.684514145,9.45390938269,1112.57873247
Sat Jan 16 2016 17:18:00 GMT-0800 (PST),121.120303937,8.79572493354,1065.3408773
Sat Jan 16 2016 17:20:00 GMT-0800 (PST),121.939867119,9.05317426812,1103.94286726
Sat Jan 16 2016 17:22:00 GMT-0800 (PST),119.003928543,9.20642719601,1095.60100417
Sat Jan 16 2016 17:24:00 GMT-0800 (PST),120.873242121,9.85157161937,1190.79140162
Sat Jan 16 2016 17:26:00 GMT-0800 (PST),118.188116399,10.6408710662,1257.62450816
Sat Jan 16 2016 17:28:00 GMT-0800 (PST),119.931348129,9.99974961194,1199.28345191
Sat Jan 16 2016 17:30:00 GMT-0800 (PST),122.113659309,10.4169683677,1272.05412629
Sat Jan 16 2016 17:32:00 GMT-0800 (PST),119.070717367,11.1071959242,1322.54178664
Sat Jan 16 2016 17:34:00 GMT-0800 (PST),122.763888476,11.25956697,1382.26822379
Sat Jan 16 2016 17:36:00 GMT-0800 (PST),121.560154785,11.9031871569,1446.95327323
Sat Jan 16 2016 17:38:00 GMT-0800 (PST),122.276897222,12.5108206438,1529.78433001
Sat Jan 16 2016 17:40:00 GMT-0800 (PST),117.339161657,12.9634747401,1521.12325816
Sat Jan 16 2016 17:42:00 GMT-0800 (PST),120.285067038,13.2431788701,1592.95665819
Sat Jan 16 2016 17:44:00 GMT-0800 (PST),118.608183965,14.8078739586,1756.33503862
Sat Jan 16 2016 17:46:00 GMT-0800 (PST),119.823299247,14.859221797,1780.48097995
Sat Jan 16 2016 17:48:00 GMT-0800 (PST),118.886262152,15.4451299783,1836.21377158
Sat Jan 16 2016 17:50:00 GMT-0800 (PST),122.242263461,14.7757293363,1806.21859836
Sat Jan 16 2016 17:52:00 GMT-0800 (PST),118.685169552,14.9751095987,1777.32342179
Sat Jan 16 2016 17:54:00 GMT-0800 (PST),118.208796013,15.4451737772,1825.75539641
Sat Jan 16 2016 17:56:00 GMT-0800 (PST),118.014431569,15.2449906579,1799.12890677
Sat Jan 16 2016 17:58:00 GMT-0800 (PST),118.595384321,15.5414940838,1843.1494638
Sat Jan 16 2016 18:00:00 GMT-0800 (PST),121.786825487,15.3422826309,1868.48789734
Sat Jan 16 2016 18:02:00 GMT-0800 (PST),119.350075727,15.457978758,1844.91093535
Sat Jan 16 2016 18:04:00 GMT-0800 (PST),118.86257894,15.5495894327,1848.26430143
Sat Jan 16 2016 18:06:00 GMT-0800 (PST),119.008207959,16.0123754088,1905.60410257
Sat Jan 16 2016 18:08:00 GMT-0800 (PST),119.438130238,15.847569435,1892.80406213
Sat Jan 16 2016 18:10:00 GMT-0800 (PST),116.323398184,16.5290847841,1922.71931096
Sat Jan 16 2016 18:12:00 GMT-0800 (PST),120.053644437,16.0941230845,1932.15813031
Sat Jan 16 2016 18:14:00 GMT-0800 (PST),120.0852899,16.8015749579,2017.62199959
Sat Jan 16 2016 18:16:00 GMT-0800 (PST),119.381875897,16.8476784739,2011.30746072
Sat Jan 16 2016 18:18:00 GMT-0800 (PST),116.546049738,17.351614372,2022.26211164
Sat Jan 16 2016 18:20:00 GMT-0800 (PST),121.68295783,16.8541827655,2050.86681072
Sat Jan 16 2016 18:22:00 GMT-0800 (PST),120.563234067,16.6637039142,2009.03003543
Sat Jan 16 2016 18:24:00 GMT-0800 (PST),118.417085128,17.6843857488,2094.13341265
Sat Jan 16 2016 18:26:00 GMT-0800 (PST),118.388433279,17.7573066327,2102.25971151
Sat Jan 16 2016 18:28:00 GMT-0800 (PST),116.566008982,17.3459961896,2021.95354763
Sat Jan 16 2016 18:30:00 GMT-0800 (PST),119.140856717,17.6094063932,2097.99976396
Sat Jan 16 2016 18:32:00 GMT-0800 (PST),120.520007136,17.2617919326,2080.39128691
Sat Jan 16 2016 18:34:00 GMT-0800 (PST),119.612553036,17.9081125154,2142.03505802
Sat Jan 16 2016 18:36:00 GMT-0800 (PST),120.682353871,17.7271693479,2139.35652438
Sat Jan 16 2016 18:38:00 GMT-0800 (PST),120.733516432,17.8393184143,2153.8036429
Sat Jan 16 2016 18:40:00 GMT-0800 (PST),120.534159306,17.8873480704,2156.03646187
Sat Jan 16 2016 18:42:00 GMT-0800 (PST),120.083244007,17.8402236334,2142.31192771
Sat Jan 16 2016 18:44:00 GMT-0800 (PST),121.990510531,17.6807757656,2156.88686224
Sat Jan 16 2016 18:46:00 GMT-0800 (PST),116.345356407,17.6993790474,2059.24056345
Sat Jan 16 2016 18:48:00 GMT-0800 (PST),116.376015899,18.5605261634,2160.00008789
Sat Jan 16 2016 18:50:00 GMT-0800 (PST),121.744255622,16.6744974375,2030.02427841
Sat Jan 16 2016 18:52:00 GMT-0800 (PST),116.747248197,18.3350919788,2140.57153396
Sat Jan 16 2016 18:54:00 GMT-0800 (PST),123.851301224,16.6539815084,2062.61728037
Sat Jan 16 2016 18:56:00 GMT-0800 (PST),122.792965546,17.2217438557,2114.70899991
Sat Jan 16 2016 18:58:00 GMT-0800 (PST),119.181048634,17.0301876296,2029.67562014
Sat Jan 16 2016 19:00:00 GMT-0800 (PST),119.417564954,17.6935693059,2112.92296186
Sat Jan 16 2016 19:02:00 GMT-0800 (PST),118.818632537,17.56600907,2087.16917683
Sat Jan 16 2016 19:04:00 GMT-0800 (PST),117.557045545,17.9158855391,2106.13857231
Sat Jan 16 2016 19:06:00 GMT-0800 (PST),118.64493497,18.0556960746,2142.21688661
Sat Jan 16 2016 19:08:00 GMT-0800 (PST),119.429896058,17.491044553,2088.95363292
Sat Jan 16 2016 19:10:00 GMT-0800 (PST),116.294622936,17.6115442774,2048.12790107
Sat Jan 16 2016 19:12:00 GMT-0800 (PST),120.343583904,17.7945802144,2141.46355706
Sat Jan 16 2016 19:14:00 GMT-0800 (PST),118.272686186,17.0848664818,2020.67305194
Sat Jan 16 2016 19:16:00 GMT-0800 (PST),120.460790197,16.8578754664,2030.71299973
Sat Jan 16 2016 19:18:00 GMT-0800 (PST),118.952529836,17.1652055982,2041.84463106
Sat Jan 16 2016 19:20:00 GMT-0800 (PST),120.326760816,17.0285604771,2048.99152357
Sat Jan 16 2016 19:22:00 GMT-0800 (PST),121.102331445,16.7118827457,2023.84796334
Sat Jan 16 2016 19:24:00 GMT-0800 (PST),121.703406822,17.5507226103,2135.98273386
Sat Jan 16 2016 19:26:00 GMT-0800 (PST),120.37213152,16.9122776709,2035.76691211
Sat Jan 16 2016 19:28:00 GMT-0800 (PST),123.567347239,16.8569651398,2082.97046482
Sat Jan 16 2016 19:30:00 GMT-0800 (PST),117.196530468,17.2548871488,2022.21290747
Sat Jan 16 2016 19:32:00 GMT-0800 (PST),120.359299761,17.0071252969,2046.96569168
Sat Jan 16 2016 19:34:00 GMT-0800 (PST),117.646716515,17.782871534,2092.09644619
Sat Jan 16 2016 19:36:00 GMT-0800 (PST),118.14148113,16.7483102445,1978.67017872
Sat Jan 16 2016 19:38:00 GMT-0800 (PST),118.939844484,17.1518737551,2040.04119705
Sat Jan 16 2016 19:40:00 GMT-0800 (PST),119.174055755,17.1145645116,2039.61206532
Sat Jan 16 2016 19:42:00 GMT-0800 (PST),118.318167558,16.9869183158,2009.86104759
Sat Jan 16 2016 19:44:00 GMT-0800 (PST),122.805773125,15.743478191,1933.39001092
Sat Jan 16 2016 19:46:00 GMT-0800 (PST),117.831961046,17.1441418054,2020.12784938
Sat Jan 16 2016 19:48:00 GMT-0800 (PST),119.521935519,16.1714835673,1932.84701617
Sat Jan 16 2016 19:50:00 GMT-0800 (PST),115.940181634,16.4794400601,1910.6292738
Sat Jan 16 2016 19:52:00 GMT-0800 (PST),120.938142812,15.6814901812,1896.49029904
Sat Jan 16 2016 19:54:00 GMT-0800 (PST),116.167764391,16.181397228,1879.7567407
Sat Jan 16 2016 19:56:00 GMT-0800 (PST),119.250480427,15.5308891759,1852.06599568
Sat Jan 16 2016 19:58:00 GMT-0800 (PST),121.222839794,15.2716278229,1851.27009298
Sat Jan 16 2016 20:00:00 GMT-0800 (PST),120.760846117,15.2935189007,1846.85828255
Sat Jan 16 2016 20:02:00 GMT-0800 (PST),118.011472211,15.8127756455,1866.08893367
Sat Jan 16 2016 20:04:00 GMT-0800 (PST),117.5751388,15.6615902882,1841.41365197
Sat Jan 16 2016 20:06:00 GMT-0800 (PST),120.039333084,14.1874913143,1703.0569955
Sat Jan 16 2016 20:08:00 GMT-0800 (PST),118.596972254,13.4961438838,1600.60180172
Sat Jan 16 2016 20:10:00 GMT-0800 (PST),121.700742351,13.2588554601,1613.61255222
Sat Jan 16 2016 20:12:00 GMT-0800 (PST),119.183383554,12.8691181509,1533.78504458
Sat Jan 16 2016 20:14:00 GMT-0800 (PST),117.494210855,11.7821092975,1384.32963412
Sat Jan 16 2016 20:16:00 GMT-0800 (PST),119.468719568,11.925491212,1424.72316532
Sat Jan 16 2016 20:18:00 GMT-0800 (PST),121.497446311,11.9704657206,1454.3810162
Sat Jan 16 2016 20:20:00 GMT-0800 (PST),120.45876969,12.0966123958,1457.14304662
Sat Jan 16 2016 20:22:00 GMT-0800 (PST),118.967934478,11.7862837767,1402.18983608
Sat Jan 16 2016 20:24:00 GMT-0800 (PST),120.238040784,11.9045883685,1431.38438177
Sat Jan 16 2016 20:26:00 GMT-0800 (PST),120.48714885,11.744264661,1415.03296434
Sat Jan 16 2016 20:28:00 GMT-0800 (PST),124.365821864,10.4093859383,1294.57183731
Sat Jan 16 2016 20:30:00 GMT-0800 (PST),118.562429938,11.0990024611,1315.92470167
Sat Jan 16 2016 20:32:00 GMT-0800 (PST),121.063691156,10.5981486447,1283.05099434
Sat Jan 16 2016 20:34:00 GMT-0800 (PST),117.478124117,11.0264771603,1295.36985241
Sat Jan 16 2016 20:36:00 GMT-0800 (PST),119.650692747,10.5644044443,1264.03831022
Sat Jan 16 2016 20:38:00 GMT-0800 (PST),120.490104665,10.8507418532,1307.40702158
Sat Jan 16 2016 20:40:00 GMT-0800 (PST),120.488681635,10.9577631589,1320.28643668
Sat Jan 16 2016 20:42:00 GMT-0800 (PST),120.535864867,10.0270089745,1208.61419878
Sat Jan 16 2016 20:44:00 GMT-0800 (PST),122.909965438,9.62866759979,1183.4592019
Sat Jan 16 2016 20:46:00 GMT-0800 (PST),118.87614462,10.3045568876,1224.96599482
Sat Jan 16 2016 20:48:00 GMT-0800 (PST),119.659541883,10.3865388713,1242.84848309
Sat Jan 16 2016 20:50:00 GMT-0800 (PST),119.968479419,9.89032324017,1186.52704008
Sat Jan 16 2016 20:52:00 GMT-0800 (PST),119.979292895,10.0197079993,1202.15748078
Sat Jan 16 2016 20:54:00 GMT-0800 (PST),120.572583281,9.46106690089,1140.74527684
Sat Jan 16 2016 20:56:00 GMT-0800 (PST),123.038083657,9.12917753536,1123.23650932
Sat Jan 16 2016 20:58:00 GMT-0800 (PST),122.160173769,9.27451867352,1132.97681278
Sat Jan 16 2016 21:00:00 GMT-0800 (PST),119.769662509,9.46100593959,1133.14148838
Sat Jan 16 2016 21:02:00 GMT-0800 (PST),120.143252294,9.12513645011,1096.32357075
Sat Jan 16 2016 21:04:00 GMT-0800 (PST),123.876461504,7.62877092979,945.025148409
Sat Jan 16 2016 21:06:00 GMT-0800 (PST),122.883491029,7.48480954475,919.759526543
Sat Jan 16 2016 21:08:00 GMT-0800 (PST),119.278580943,7.68366741897,916.496946174
Sat Jan 16 2016 21:10:00 GMT-0800 (PST),122.006828796,7.23090051972,882.219241746
Sat Jan 16 2016 21:12:00 GMT-0800 (PST),118.873138996,7.29198176795,866.820762256
Sat Jan 16 2016 21:14:00 GMT-0800 (PST),115.902059844,8.30591695207,962.67288364
Sat Jan 16 2016 21:16:00 GMT-0800 (PST),119.096369444,7.30673580535,870.205706907
Sat Jan 16 2016 21:18:00 GMT-0800 (PST),120.444193277,7.0721117225,851.794791182
Sat Jan 16 2016 21:20:00 GMT-0800 (PST),121.938740093,6.78232133591,827.027718605
Sat Jan 16 2016 21:22:00 GMT-0800 (PST),116.311408478,7.60376035221,884.404076294
Sat Jan 16 2016 21:24:00 GMT-0800 (PST),118.80962829,7.71634869679,916.776520419
Sat Jan 16 2016 21:26:00 GMT-0800 (PST),120.401116661,6.73221362673,810.566038258
Sat Jan 16 2016 21:28:00 GMT-0800 (PST),118.367784439,6.73602450613,797.328296715
Sat Jan 16 2016 21:30:00 GMT-0800 (PST),121.583572936,6.94792791631,844.75390057
Sat Jan 16 2016 21:32:00 GMT-0800 (PST),116.992294698,6.6577685646,778.907621943
Sat Jan 16 2016 21:34:00 GMT-0800 (PST),122.4491492,6.29169291644,770.412444645
Sat Jan 16 2016 21:36:00 GMT-0800 (PST),123.071269829,6.21187575927,764.503437714
Sat Jan 16 2016 21:38:00 GMT-0800 (PST),120.696154288,6.61628087733,798.559657579
Sat Jan 16 2016 21:40:00 GMT-0800 (PST),117.574399392,5.73089393057,673.806411867
Sat Jan 16 2016 21:42:00 GMT-0800 (PST),119.578168981,5.63446226308,673.758680613
Sat Jan 16 2016 21:44:00 GMT-0800 (PST),116.187150416,5.91057595043,686.732977
Sat Jan 16 2016 21:46:00 GMT-0800 (PST),121.020888434,5.67616784776,686.934875835
Sat Jan 16 2016 21:48:00 GMT-0800 (PST),119.614901137,5.42016017654,648.331923666
Sat Jan 16 2016 21:50:00 GMT-0800 (PST),123.627541998,5.22501326803,645.955547234
Sat Jan 16 2016 21:52:00 GMT-0800 (PST),120.733215149,5.52141819641,666.618571033
Sat Jan 16 2016 21:54:00 GMT-0800 (PST),122.001197882,4.78501802844,583.777931355
Sat Jan 16 2016 21:56:00 GMT-0800 (PST),124.097484239,4.77140003752,592.118740955
Sat Jan 16 2016 21:58:00 GMT-0800 (PST),123.455010967,4.64007391864,572.840376511
Sat Jan 16 2016 22:00:00 GMT-0800 (PST),120.175088875,4.74383430751,570.090709515
Sat Jan 16 2016 22:02:00 GMT-0800 (PST),121.795915267,3.68926626646,449.337561588
Sat Jan 16 2016 22:04:00 GMT-0800 (PST),122.746533835,4.39251182696,539.165601588
Sat Jan 16 2016 22:06:00 GMT-0800 (PST),120.728572009,3.68950153482,445.428251725
Sat Jan 16 2016 22:08:00 GMT-0800 (PST),119.388956121,3.40836715277,406.921396445
Sat Jan 16 2016 22:10:00 GMT-0800 (PST),118.836487481,4.00814622631,476.314018844
Sat Jan 16 2016 22:12:00 GMT-0800 (PST),119.026381671,3.44082812018,409.549321096
Sat Jan 16 2016 22:14:00 GMT-0800 (PST),120.816353096,3.55992492545,430.097146788
Sat Jan 16 2016 22:16:00 GMT-0800 (PST),123.23365533,3.52209882067,434.041112105
Sat Jan 16 2016 22:18:00 GMT-0800 (PST),118.712809713,3.379483958,401.188036034
Sat Jan 16 2016 22:20:00 GMT-0800 (PST),121.244967174,3.1414538834,380.885472972
Sat Jan 16 2016 22:22:00 GMT-0800 (PST),124.04278949,3.32671630648,412.655170497
Sat Jan 16 2016 22:24:00 GMT-0800 (PST),116.669691115,3.58845166663,418.663547526
Sat Jan 16 2016 22:26:00 GMT-0800 (PST),119.83861455,3.25386331349,389.938471424
Sat Jan 16 2016 22:28:00 GMT-0800 (PST),121.561546285,2.9623273375,360.10509175
Sat Jan 16 2016 22:30:00 GMT-0800 (PST),121.278247139,2.64103085756,320.299593045
Sat Jan 16 2016 22:32:00 GMT-0800 (PST),117.314557653,2.73736989549,321.133338424
Sat Jan 16 2016 22:34:00 GMT-0800 (PST),120.262798063,3.30945259157,398.004028717
Sat Jan 16 2016 22:36:00 GMT-0800 (PST),120.520072512,2.90519589187,350.134419548
Sat Jan 16 2016 22:38:00 GMT-0800 (PST),117.8801618,2.852445199,336.246701585
Sat Jan 16 2016 22:40:00 GMT-0800 (PST),119.281681415,3.40701634187,406.394637867
Sat Jan 16 2016 22:42:00 GMT-0800 (PST),119.548147654,3.41612419656,408.391319855
Sat Jan 16 2016 22:44:00 GMT-0800 (PST),116.501795714,3.19295852302,371.985401572
Sat Jan 16 2016 22:46:00 GMT-0800 (PST),122.432476455,3.00517849229,367.931445001
Sat Jan 16 2016 22:48:00 GMT-0800 (PST),119.923856181,3.34579201228,401.240280092
Sat Jan 16 2016 22:50:00 GMT-0800 (PST),115.16066524,3.72838879573,429.363733988
Sat Jan 16 2016 22:52:00 GMT-0800 (PST),117.183355018,3.18827680534,373.612972777
Sat Jan 16 2016 22:54:00 GMT-0800 (PST),121.917865882,2.69821186313,328.960232052
Sat Jan 16 2016 22:56:00 GMT-0800 (PST),122.286138526,2.75125795765,336.44071173
Sat Jan 16 2016 22:58:00 GMT-0800 (PST),119.047691178,2.90855552297,346.256819674
Sat Jan 16 2016 23:00:00 GMT-0800 (PST),118.711219157,2.86832284074,340.50210136
Sat Jan 16 2016 23:02:00 GMT-0800 (PST),120.034213635,3.6619454289,439.55873993
Sat Jan 16 2016 23:04:00 GMT-0800 (PST),121.070223158,3.13699036898,379.796124017
Sat Jan 16 2016 23:06:00 GMT-0800 (PST),119.462556268,2.91560998154,348.306221476
Sat Jan 16 2016 23:08:00 GMT-0800 (PST),119.458438002,3.6157937977,431.937079211
Sat Jan 16 2016 23:10:00 GMT-0800 (PST),118.442077687,3.38132678125,400.49136931
Sat Jan 16 2016 23:12:00 GMT-0800 (PST),123.490366143,3.58386111568,442.57232138
Sat Jan 16 2016 23:14:00 GMT-0800 (PST),121.892576096,3.64706890002,444.550623422
Sat Jan 16 2016 23:16:00 GMT-0800 (PST),118.09376334,3.20848867217,378.90250193
Sat Jan 16 2016 23:18:00 GMT-0800 (PST),118.064081106,3.10376498556,366.443160988
Sat Jan 16 2016 23:20:00 GMT-0800 (PST),120.781525508,3.68202453898,444.720540775
Sat Jan 16 2016 23:22:00 GMT-0800 (PST),119.277759804,3.03706192958,362.253943346
Sat Jan 16 2016 23:24:00 GMT-0800 (PST),120.790771651,3.02305673164,365.157355361
Sat Jan 16 2016 23:26:00 GMT-0800 (PST),122.809678745,2.91899160784,358.480421619
Sat Jan 16 2016 23:28:00 GMT-0800 (PST),117.210086175,3.8645389924,452.962948325
Sat Jan 16 2016 23:30:00 GMT-0800 (PST),116.47069314,3.97437061384,462.897700188
Sat Jan 16 2016 23:32:00 GMT-0800 (PST),118.351547925,3.33249268529,394.405667753
Sat Jan 16 2016 23:34:00 GMT-0800 (PST),123.568420168,3.34361701311,413.165471956
Sat Jan 16 2016 23:36:00 GMT-0800 (PST),120.759892772,3.56637796229,430.675420311
Sat Jan 16 2016 23:38:00 GMT-0800 (PST),118.537399175,3.12328436424,370.226005422
Sat Jan 16 2016 23:40:00 GMT-0800 (PST),119.470491671,3.63934546901,434.794392544
Sat Jan 16 2016 23:42:00 GMT-0800 (PST),121.260139627,3.41514343343,414.120769586
Sat Jan 16 2016 23:44:00 GMT-0800 (PST),118.737615153,3.71190496601,440.74274334
Sat Jan 16 2016 23:46:00 GMT-0800 (PST),119.26578832,3.75024310241,447.275700002
Sat Jan 16 2016 23:48:00 GMT-0800 (PST),123.302743513,3.91074363098,482.205418876
Sat Jan 16 2016 23:50:00 GMT-0800 (PST),122.932306129,3.41417337527,419.712206547
Sat Jan 16 2016 23:52:00 GMT-0800 (PST),121.218381283,3.72228094249,451.208870529
Sat Jan 16 2016 23:54:00 GMT-0800 (PST),122.508355083,3.18719898817,390.458505362
Sat Jan 16 2016 23:56:00 GMT-0800 (PST),115.598365449,3.39476186013,392.42892212
Sat Jan 16 2016 23:58:00 GMT-0800 (PST),123.565849299,3.84982907221,475.707398965
Sun Jan 17 2016 00:00:00 GMT-0800 (PST),119.399012795,3.61192204262,431.259926182
